project_id,max_similarity_pct,similar_project_count,duplicate_signal
P0035,100.0,2,True
P0102,100.0,2,True
P0142,100.0,2,True
P0093,100.0,1,True
P0266,100.0,1,True
P0150,100.0,1,True
P0198,100.0,1,True
P0222,100.0,1,True
P0253,100.0,1,True
P0291,100.0,1,True
P0292,100.0,1,True
P1004,100.0,2,True
P0031,100.0,2,True
P0032,100.0,2,True
P0051,100.0,1,True
P0277,100.0,1,True
P0160,100.0,1,True
P0290,100.0,1,True
P0170,100.0,1,True
P0269,100.0,1,True
P0072,100.0,1,True
P0214,100.0,1,True
P0181,100.0,1,True
P0182,100.0,1,True
P0188,100.0,1,True
P0204,100.0,1,True
P0055,100.0,1,True
P0153,100.0,1,True
P0063,100.0,2,True
P0119,100.0,2,True
P0255,100.0,2,True
P0121,100.0,1,True
P0122,100.0,1,True
P0127,100.0,1,True
P0221,100.0,1,True
P0167,100.0,1,True
P0297,100.0,1,True
P0284,100.0,1,True
P0294,100.0,1,True
P0029,100.0,1,True
P0196,100.0,1,True
P0124,100.0,1,True
P0194,100.0,1,True
P0151,100.0,1,True
P0152,100.0,1,True
P0183,100.0,2,True
P0239,100.0,2,True
P0268,100.0,2,True
P0208,100.0,1,True
P0282,100.0,1,True
P0128,100.0,1,True
P0163,100.0,1,True
P0021,100.0,1,True
P0039,100.0,1,True
P0164,100.0,1,True
P0295,100.0,1,True
P0241,100.0,1,True
P0242,100.0,1,True
P0017,100.0,1,True
P0071,100.0,1,True
P0061,100.0,1,True
P0062,100.0,1,True
P0154,100.0,1,True
P0209,100.0,1,True
P0054,100.0,1,True
P0081,100.0,1,True
P0085,100.0,2,True
P0178,100.0,2,True
P0238,100.0,2,True
P0111,100.0,1,True
P0219,100.0,1,True
P0177,100.0,1,True
P0201,100.0,1,True
P0215,100.0,1,True
P0283,100.0,1,True
P0027,100.0,1,True
P0273,100.0,1,True
P0091,100.0,1,True
P0092,100.0,1,True
P0097,100.0,1,True
P0099,100.0,1,True
P0138,100.0,1,True
P0156,100.0,1,True
P0145,100.0,2,True
P0155,100.0,2,True
P0230,100.0,2,True
P0024,100.0,1,True
P0281,100.0,1,True
P0173,100.0,1,True
P0250,100.0,1,True
P0258,100.0,1,True
P0270,100.0,1,True
P0271,100.0,1,True
P0272,100.0,1,True
P0084,100.0,1,True
P0174,100.0,1,True
P0100,100.0,1,True
P0132,100.0,1,True
P0123,100.0,1,True
P0223,100.0,1,True
P0147,100.0,1,True
P0189,100.0,1,True
P0211,100.0,1,True
P0212,100.0,1,True
P0216,100.0,1,True
P0225,100.0,1,True
